#{"t_start": 1710950380.7140222, "env_id": "CartPole-v1"}
r,l,t
500.0,500,10.40937
